{
  "bird": {
    "filter_params": {
      "low_freq": 1792.0661447955672,
      "high_freq": 1842.0661447955672
    },
    "target_pattern": [
      0.028156455606222153,
      0.1584499329328537,
      0.21841268241405487,
      0.24067695438861847,
      0.0,
      0.0,
      0.0,
      0.0,
      0.0,
      0.0
    ],
    "sound_type": "bird"
  },
  "motorcycle": {
    "filter_params": {
      "low_freq": 187.8356759553828,
      "high_freq": 237.8356759553828
    },
    "target_pattern": [
      0.21205946803092957,
      0.30842867493629456,
      0.032607708126306534,
      0.03580065071582794,
      0.0,
      0.0,
      0.0,
      0.0,
      0.0,
      0.0
    ],
    "sound_type": "motorcycle"
  },
  "whistle": {
    "filter_params": {
      "low_freq": 1541.0412295637311,
      "high_freq": 1591.0412295637311
    },
    "target_pattern": [
      0.0014735806034877896,
      0.014700298197567463,
      0.1563265323638916,
      0.17477180063724518,
      0.0,
      0.0,
      0.0,
      0.0,
      0.0,
      0.0
    ],
    "sound_type": "whistle"
  }
}