{
  "bird": {
    "filter_params": {
      "low_freq": 928.2932313577921,
      "high_freq": 1374.6766302363121
    },
    "target_pattern": [
      0.08760350197553635,
      1.186873435974121,
      0.10448978841304779,
      0.11279557645320892,
      0.0,
      0.0,
      0.0,
      0.0,
      0.0,
      0.0
    ],
    "sound_type": "bird"
  },
  "motorcycle": {
    "filter_params": {
      "low_freq": 938.8695836494313,
      "high_freq": 988.8695836494313
    },
    "target_pattern": [
      0.00018162290507461876,
      0.0018111724639311433,
      0.08331065624952316,
      0.09432438015937805,
      0.0,
      0.0,
      0.0,
      0.0,
      0.0,
      0.0
    ],
    "sound_type": "motorcycle"
  },
  "whistle": {
    "filter_params": {
      "low_freq": 1399.7068500867751,
      "high_freq": 1618.9195206652462
    },
    "target_pattern": [
      0.003953954204916954,
      0.0845184400677681,
      0.14643990993499756,
      0.17209456861019135,
      0.0,
      0.0,
      0.0,
      0.0,
      0.0,
      0.0
    ],
    "sound_type": "whistle"
  }
}