{
  "bird": {
    "filter_params": {
      "low_freq": 1081.9406490893396,
      "high_freq": 1131.9406490893396
    },
    "target_pattern": [
      0.03319365531206131,
      0.16558635234832764,
      0.09904761612415314,
      0.11068940162658691,
      0.0,
      0.0,
      0.0,
      0.0,
      0.0,
      0.0
    ],
    "sound_type": "bird"
  },
  "motorcycle": {
    "filter_params": {
      "low_freq": 1029.223021772579,
      "high_freq": 1079.223021772579
    },
    "target_pattern": [
      0.00013737456174567342,
      0.001373116858303547,
      0.1074376329779625,
      0.12093140929937363,
      0.0,
      0.0,
      0.0,
      0.0,
      0.0,
      0.0
    ],
    "sound_type": "motorcycle"
  },
  "whistle": {
    "filter_params": {
      "low_freq": 1343.7040466111862,
      "high_freq": 1917.0626948212473
    },
    "target_pattern": [
      0.7070776224136353,
      1.038516879081726,
      0.1360090672969818,
      0.15108747780323029,
      0.0,
      0.0,
      0.0,
      0.0,
      0.0,
      0.0
    ],
    "sound_type": "whistle"
  }
}